Name;Trace_id;Point_id;Start_x;Start_y;Start_z;End_x;End_y;End_z;Cost;Cost_Mode
measurements.Trace;239;0;790449;7.26497e+06;-58.8367;790449;7.26497e+06;-58.8367;501;4
measurements.Trace;239;1;790449;7.26497e+06;-58.8367;790449;7.26497e+06;-58.8209;463;4
measurements.Trace;239;2;790449;7.26497e+06;-58.8209;790449;7.26497e+06;-58.7902;276;4
measurements.Trace;239;3;790449;7.26497e+06;-58.7902;790449;7.26497e+06;-58.7879;237;4
measurements.Trace;239;4;790449;7.26497e+06;-58.7879;790449;7.26497e+06;-58.7892;167;4
measurements.Trace;239;5;790449;7.26497e+06;-58.7892;790449;7.26497e+06;-58.7831;211;4
measurements.Trace;239;6;790449;7.26497e+06;-58.7831;790449;7.26497e+06;-58.7984;282;4
measurements.Trace;239;7;790449;7.26497e+06;-58.7984;790449;7.26497e+06;-58.8062;128;4
measurements.Trace;239;8;790449;7.26497e+06;-58.8062;790449;7.26497e+06;-58.8171;215;4
measurements.Trace;239;9;790449;7.26497e+06;-58.8171;790449;7.26497e+06;-58.8393;249;4
measurements.Trace;239;10;790449;7.26497e+06;-58.8393;790449;7.26497e+06;-58.8615;331;4
measurements.Trace;239;11;790449;7.26497e+06;-58.8615;790449;7.26497e+06;-58.8871;210;4
measurements.Trace;239;12;790449;7.26497e+06;-58.8871;790449;7.26497e+06;-58.8955;194;4
measurements.Trace;239;13;790449;7.26497e+06;-58.8955;790449;7.26497e+06;-58.9072;221;4
measurements.Trace;239;14;790449;7.26497e+06;-58.9072;790449;7.26497e+06;-58.9072;222;4
measurements.Trace;239;15;790449;7.26497e+06;-58.9072;790449;7.26497e+06;-58.9225;271;4
measurements.Trace;239;16;790449;7.26497e+06;-58.9225;790449;7.26497e+06;-58.9147;229;4
measurements.Trace;239;17;790449;7.26497e+06;-58.9147;790449;7.26497e+06;-58.9369;281;4
measurements.Trace;239;18;790449;7.26497e+06;-58.9369;790449;7.26497e+06;-58.9521;231;4
measurements.Trace;239;19;790449;7.26497e+06;-58.9521;790449;7.26497e+06;-58.9643;150;4
measurements.Trace;239;20;790449;7.26497e+06;-58.9643;790449;7.26497e+06;-58.9765;96;4
measurements.Trace;239;21;790449;7.26497e+06;-58.9765;790449;7.26497e+06;-58.9774;218;4
measurements.Trace;239;22;790449;7.26497e+06;-58.9774;790449;7.26497e+06;-58.9921;247;4
measurements.Trace;239;23;790449;7.26497e+06;-58.9921;790449;7.26497e+06;-58.9848;220;4
measurements.Trace;239;24;790449;7.26497e+06;-58.9848;790449;7.26497e+06;-58.9814;212;4
measurements.Trace;239;25;790449;7.26497e+06;-58.9814;790449;7.26497e+06;-59.0001;179;4
measurements.Trace;239;26;790449;7.26497e+06;-59.0001;790449;7.26497e+06;-59.015;212;4
measurements.Trace;239;27;790449;7.26497e+06;-59.015;790449;7.26497e+06;-59.0011;219;4
measurements.Trace;239;28;790449;7.26497e+06;-59.0011;790449;7.26497e+06;-58.9938;98;4
measurements.Trace;239;29;790449;7.26497e+06;-58.9938;790449;7.26497e+06;-58.9826;209;4
measurements.Trace;239;30;790449;7.26497e+06;-58.9826;790449;7.26497e+06;-58.9648;261;4
measurements.Trace;239;31;790449;7.26497e+06;-58.9648;790449;7.26497e+06;-58.9648;253;4
measurements.Trace;239;32;790449;7.26497e+06;-58.9648;790449;7.26497e+06;-58.9647;388;4
measurements.Trace;239;33;790449;7.26497e+06;-58.9647;790449;7.26497e+06;-58.9575;300;4
measurements.Trace;239;34;790449;7.26497e+06;-58.9575;790449;7.26497e+06;-58.9684;132;4
measurements.Trace;239;35;790449;7.26497e+06;-58.9684;790449;7.26497e+06;-58.9646;197;4
measurements.Trace;239;36;790449;7.26497e+06;-58.9646;790449;7.26497e+06;-58.9651;220;4
measurements.Trace;239;37;790449;7.26497e+06;-58.9651;790449;7.26497e+06;-58.9499;249;4
measurements.Trace;239;38;790449;7.26497e+06;-58.9499;790449;7.26497e+06;-58.9347;184;4
measurements.Trace;239;39;790449;7.26497e+06;-58.9347;790449;7.26497e+06;-58.9374;259;4
measurements.Trace;239;40;790449;7.26497e+06;-58.9374;790449;7.26497e+06;-58.9436;380;4
measurements.Trace;239;41;790449;7.26497e+06;-58.9436;790449;7.26497e+06;-58.9425;380;4
measurements.Trace;239;42;790449;7.26497e+06;-58.9425;790449;7.26497e+06;-58.9414;152;4
measurements.Trace;239;43;790449;7.26497e+06;-58.9414;790449;7.26497e+06;-58.948;209;4
measurements.Trace;239;44;790449;7.26497e+06;-58.948;790449;7.26497e+06;-58.9621;191;4
measurements.Trace;239;45;790449;7.26497e+06;-58.9621;790449;7.26497e+06;-58.9408;51;4
measurements.Trace;239;46;790449;7.26497e+06;-58.9408;790449;7.26497e+06;-58.9658;168;4
measurements.Trace;239;47;790449;7.26497e+06;-58.9658;790449;7.26497e+06;-58.9767;121;4
measurements.Trace;239;48;790449;7.26497e+06;-58.9767;790449;7.26497e+06;-58.9877;212;4
measurements.Trace;239;49;790449;7.26497e+06;-58.9877;790449;7.26497e+06;-58.9965;350;4
measurements.Trace;239;50;790449;7.26497e+06;-58.9965;790449;7.26497e+06;-59.0202;258;4
measurements.Trace;239;51;790449;7.26497e+06;-59.0202;790449;7.26497e+06;-59.0123;236;4
measurements.Trace;239;52;790449;7.26497e+06;-59.0123;790449;7.26497e+06;-59.0429;276;4
measurements.Trace;239;53;790449;7.26497e+06;-59.0429;790449;7.26497e+06;-59.0535;69;4
measurements.Trace;239;54;790449;7.26497e+06;-59.0535;790449;7.26497e+06;-59.0697;208;4
measurements.Trace;239;55;790449;7.26497e+06;-59.0697;790449;7.26496e+06;-59.0728;200;4
measurements.Trace;239;56;790449;7.26496e+06;-59.0728;790449;7.26496e+06;-59.0932;198;4
measurements.Trace;239;57;790449;7.26496e+06;-59.0932;790449;7.26496e+06;-59.1149;85;4
measurements.Trace;239;58;790449;7.26496e+06;-59.1149;790449;7.26496e+06;-59.136;179;4
measurements.Trace;239;59;790449;7.26496e+06;-59.136;790449;7.26496e+06;-59.1307;228;4
measurements.Trace;239;60;790449;7.26496e+06;-59.1307;790449;7.26496e+06;-59.1353;252;4
measurements.Trace;239;61;790449;7.26496e+06;-59.1353;790449;7.26496e+06;-59.1301;234;4
measurements.Trace;239;62;790449;7.26496e+06;-59.1301;790449;7.26496e+06;-59.1438;151;4
measurements.Trace;239;63;790449;7.26496e+06;-59.1438;790449;7.26496e+06;-59.1314;111;4
measurements.Trace;239;64;790449;7.26496e+06;-59.1314;790449;7.26496e+06;-59.1195;131;4
measurements.Trace;239;65;790449;7.26496e+06;-59.1195;790449;7.26496e+06;-59.1293;236;4
measurements.Trace;239;66;790449;7.26496e+06;-59.1293;790449;7.26496e+06;-59.1323;294;4
measurements.Trace;239;67;790449;7.26496e+06;-59.1323;790449;7.26496e+06;-59.1387;191;4
measurements.Trace;239;68;790449;7.26496e+06;-59.1387;790449;7.26496e+06;-59.1662;85;4
measurements.Trace;239;69;790449;7.26496e+06;-59.1662;790449;7.26496e+06;-59.1543;114;4
measurements.Trace;239;70;790449;7.26496e+06;-59.1543;790449;7.26496e+06;-59.1372;189;4
measurements.Trace;239;71;790449;7.26496e+06;-59.1372;790449;7.26496e+06;-59.1385;180;4
measurements.Trace;239;72;790449;7.26496e+06;-59.1385;790449;7.26496e+06;-59.1468;113;4
measurements.Trace;239;73;790449;7.26496e+06;-59.1468;790449;7.26496e+06;-59.1593;234;4
measurements.Trace;239;74;790449;7.26496e+06;-59.1593;790449;7.26496e+06;-59.1559;213;4
measurements.Trace;239;75;790449;7.26496e+06;-59.1559;790449;7.26496e+06;-59.173;73;4
measurements.Trace;239;76;790449;7.26496e+06;-59.173;790449;7.26496e+06;-59.1956;267;4
measurements.Trace;239;77;790449;7.26496e+06;-59.1956;790449;7.26496e+06;-59.2109;184;4
measurements.Trace;239;78;790449;7.26496e+06;-59.2109;790449;7.26496e+06;-59.2125;177;4
measurements.Trace;239;79;790449;7.26496e+06;-59.2125;790449;7.26496e+06;-59.2181;140;4
measurements.Trace;239;80;790449;7.26496e+06;-59.2181;790449;7.26496e+06;-59.2342;319;4
measurements.Trace;239;81;790449;7.26496e+06;-59.2342;790449;7.26496e+06;-59.2603;257;4
measurements.Trace;239;82;790449;7.26496e+06;-59.2603;790449;7.26496e+06;-59.2823;216;4
measurements.Trace;239;83;790449;7.26496e+06;-59.2823;790449;7.26496e+06;-59.2704;269;4
measurements.Trace;239;84;790449;7.26496e+06;-59.2704;790449;7.26496e+06;-59.262;264;4
measurements.Trace;239;85;790449;7.26496e+06;-59.262;790449;7.26496e+06;-59.2741;354;4
measurements.Trace;239;86;790449;7.26496e+06;-59.2741;790449;7.26496e+06;-59.3002;282;4
measurements.Trace;239;87;790449;7.26496e+06;-59.3002;790449;7.26496e+06;-59.3122;154;4
measurements.Trace;239;88;790449;7.26496e+06;-59.3122;790449;7.26496e+06;-59.3144;199;4
measurements.Trace;239;89;790449;7.26496e+06;-59.3144;790449;7.26496e+06;-59.3161;211;4
measurements.Trace;239;90;790449;7.26496e+06;-59.3161;790449;7.26496e+06;-59.3138;253;4
measurements.Trace;239;91;790449;7.26496e+06;-59.3138;790449;7.26496e+06;-59.3256;280;4
measurements.Trace;239;92;790449;7.26496e+06;-59.3256;790449;7.26496e+06;-59.3273;452;4
measurements.Trace;239;93;790449;7.26496e+06;-59.3273;790449;7.26496e+06;-59.346;228;4
measurements.Trace;239;94;790449;7.26496e+06;-59.346;790449;7.26496e+06;-59.3435;223;4
measurements.Trace;239;95;790449;7.26496e+06;-59.3435;790449;7.26496e+06;-59.3722;288;4
measurements.Trace;239;96;790449;7.26496e+06;-59.3722;790449;7.26496e+06;-59.3943;311;4
measurements.Trace;239;97;790449;7.26496e+06;-59.3943;790449;7.26496e+06;-59.3972;283;4
measurements.Trace;239;98;790449;7.26496e+06;-59.3972;790449;7.26496e+06;-59.4028;270;4
measurements.Trace;239;99;790449;7.26496e+06;-59.4028;790449;7.26496e+06;-59.441;315;4
measurements.Trace;239;100;790449;7.26496e+06;-59.441;790449;7.26496e+06;-59.4466;155;4
measurements.Trace;239;101;790449;7.26496e+06;-59.4466;790449;7.26496e+06;-59.4584;428;4
measurements.Trace;239;102;790449;7.26496e+06;-59.4584;790449;7.26496e+06;-59.4798;508;4
measurements.Trace;239;103;790449;7.26496e+06;-59.4798;790449;7.26496e+06;-59.5038;333;4
measurements.Trace;239;104;790449;7.26496e+06;-59.5038;790449;7.26496e+06;-59.5286;446;4
measurements.Trace;239;105;790449;7.26496e+06;-59.5286;790449;7.26496e+06;-59.5508;388;4
measurements.Trace;239;106;790449;7.26496e+06;-59.5508;790449;7.26496e+06;-59.5699;272;4
measurements.Trace;239;107;790449;7.26496e+06;-59.5699;790449;7.26496e+06;-59.5829;279;4
measurements.Trace;239;108;790449;7.26496e+06;-59.5829;790449;7.26496e+06;-59.6067;204;4
measurements.Trace;239;109;790449;7.26496e+06;-59.6067;790449;7.26496e+06;-59.6124;205;4
measurements.Trace;239;110;790449;7.26496e+06;-59.6124;790449;7.26496e+06;-59.611;143;4
measurements.Trace;239;111;790449;7.26496e+06;-59.611;790449;7.26496e+06;-59.6127;163;4
measurements.Trace;239;112;790449;7.26496e+06;-59.6127;790449;7.26496e+06;-59.6287;237;4
measurements.Trace;239;113;790449;7.26496e+06;-59.6287;790449;7.26496e+06;-59.6489;226;4
measurements.Trace;239;114;790449;7.26496e+06;-59.6489;790449;7.26496e+06;-59.6445;188;4
measurements.Trace;239;115;790449;7.26496e+06;-59.6445;790450;7.26496e+06;-59.6395;178;4
measurements.Trace;239;116;790450;7.26496e+06;-59.6395;790450;7.26496e+06;-59.6386;202;4
measurements.Trace;239;117;790450;7.26496e+06;-59.6386;790450;7.26496e+06;-59.6314;146;4
measurements.Trace;239;118;790450;7.26496e+06;-59.6314;790450;7.26496e+06;-59.6339;98;4
measurements.Trace;239;119;790450;7.26496e+06;-59.6339;790450;7.26496e+06;-59.6425;124;4
measurements.Trace;239;120;790450;7.26496e+06;-59.6425;790450;7.26496e+06;-59.6149;104;4
measurements.Trace;239;121;790450;7.26496e+06;-59.6149;790450;7.26496e+06;-59.5974;97;4
measurements.Trace;239;122;790450;7.26496e+06;-59.5974;790450;7.26496e+06;-59.5909;185;4
measurements.Trace;239;123;790450;7.26496e+06;-59.5909;790450;7.26496e+06;-59.5992;169;4
measurements.Trace;239;124;790450;7.26496e+06;-59.5992;790450;7.26496e+06;-59.6175;125;4
measurements.Trace;239;125;790450;7.26496e+06;-59.6175;790450;7.26496e+06;-59.6394;219;4
measurements.Trace;239;126;790450;7.26496e+06;-59.6394;790450;7.26496e+06;-59.6255;120;4
measurements.Trace;239;127;790450;7.26496e+06;-59.6255;790450;7.26496e+06;-59.6338;94;4
measurements.Trace;239;128;790450;7.26496e+06;-59.6338;790450;7.26496e+06;-59.639;125;4
measurements.Trace;239;129;790450;7.26496e+06;-59.639;790450;7.26496e+06;-59.667;151;4
measurements.Trace;239;130;790450;7.26496e+06;-59.667;790450;7.26496e+06;-59.6906;113;4
measurements.Trace;239;131;790450;7.26496e+06;-59.6906;790450;7.26496e+06;-59.7218;75;4
measurements.Trace;239;132;790450;7.26496e+06;-59.7218;790450;7.26496e+06;-59.7223;153;4
measurements.Trace;239;133;790450;7.26496e+06;-59.7223;790450;7.26496e+06;-59.7404;124;4
measurements.Trace;239;134;790450;7.26496e+06;-59.7404;790450;7.26496e+06;-59.7685;65;4
measurements.Trace;239;135;790450;7.26496e+06;-59.7685;790450;7.26496e+06;-59.7745;100;4
measurements.Trace;239;136;790450;7.26496e+06;-59.7745;790450;7.26496e+06;-59.7788;88;4
measurements.Trace;239;137;790450;7.26496e+06;-59.7788;790450;7.26496e+06;-59.8033;195;4
measurements.Trace;239;138;790450;7.26496e+06;-59.8033;790450;7.26496e+06;-59.8139;133;4
measurements.Trace;239;139;790450;7.26496e+06;-59.8139;790450;7.26496e+06;-59.8211;140;4
measurements.Trace;239;140;790450;7.26496e+06;-59.8211;790450;7.26496e+06;-59.827;135;4
measurements.Trace;239;141;790450;7.26496e+06;-59.827;790450;7.26496e+06;-59.833;149;4
measurements.Trace;239;142;790450;7.26496e+06;-59.833;790450;7.26496e+06;-59.8602;99;4
measurements.Trace;239;143;790450;7.26496e+06;-59.8602;790450;7.26496e+06;-59.8759;73;4
measurements.Trace;239;144;790450;7.26496e+06;-59.8759;790450;7.26496e+06;-59.9012;136;4
measurements.Trace;239;145;790450;7.26496e+06;-59.9012;790450;7.26496e+06;-59.8985;185;4
measurements.Trace;239;146;790450;7.26496e+06;-59.8985;790450;7.26496e+06;-59.9164;175;4
measurements.Trace;239;147;790450;7.26496e+06;-59.9164;790450;7.26496e+06;-59.937;85;4
measurements.Trace;239;148;790450;7.26496e+06;-59.937;790450;7.26496e+06;-59.9247;198;4
measurements.Trace;239;149;790450;7.26496e+06;-59.9247;790450;7.26496e+06;-59.936;139;4
measurements.Trace;239;150;790450;7.26496e+06;-59.936;790450;7.26496e+06;-59.9338;120;4
measurements.Trace;239;151;790450;7.26496e+06;-59.9338;790450;7.26496e+06;-59.9351;171;4
measurements.Trace;239;152;790450;7.26496e+06;-59.9351;790450;7.26496e+06;-59.936;276;4
measurements.Trace;239;153;790450;7.26496e+06;-59.936;790450;7.26496e+06;-59.9225;106;4
measurements.Trace;239;154;790450;7.26496e+06;-59.9225;790450;7.26496e+06;-59.9011;181;4
measurements.Trace;239;155;790450;7.26496e+06;-59.9011;790450;7.26496e+06;-59.8903;181;4
measurements.Trace;239;156;790450;7.26496e+06;-59.8903;790450;7.26496e+06;-59.902;82;4
measurements.Trace;239;157;790450;7.26496e+06;-59.902;790450;7.26496e+06;-59.9171;132;4
measurements.Trace;239;158;790450;7.26496e+06;-59.9171;790450;7.26496e+06;-59.9176;161;4
measurements.Trace;239;159;790450;7.26496e+06;-59.9176;790450;7.26496e+06;-59.8922;254;4
measurements.Trace;239;160;790450;7.26496e+06;-59.8922;790450;7.26496e+06;-59.8743;297;4
measurements.Trace;239;161;790450;7.26496e+06;-59.8743;790450;7.26496e+06;-59.8449;382;4
measurements.Trace;241;0;790450;7.26497e+06;-56.4101;790450;7.26497e+06;-56.4101;505;4
measurements.Trace;241;1;790450;7.26497e+06;-56.4101;790450;7.26497e+06;-56.4483;466;4
measurements.Trace;241;2;790450;7.26497e+06;-56.4483;790450;7.26497e+06;-56.4822;494;4
measurements.Trace;241;3;790450;7.26497e+06;-56.4822;790450;7.26497e+06;-56.5161;516;4
measurements.Trace;241;4;790450;7.26497e+06;-56.5161;790450;7.26497e+06;-56.5499;534;4
measurements.Trace;241;5;790450;7.26497e+06;-56.5499;790450;7.26497e+06;-56.5811;416;4
measurements.Trace;241;6;790450;7.26497e+06;-56.5811;790450;7.26497e+06;-56.6156;240;4
measurements.Trace;241;7;790450;7.26497e+06;-56.6156;790450;7.26497e+06;-56.6507;178;4
measurements.Trace;241;8;790450;7.26497e+06;-56.6507;790450;7.26497e+06;-56.6693;192;4
measurements.Trace;241;9;790450;7.26497e+06;-56.6693;790450;7.26497e+06;-56.7078;230;4
measurements.Trace;241;10;790450;7.26497e+06;-56.7078;790450;7.26497e+06;-56.7195;288;4
measurements.Trace;241;11;790450;7.26497e+06;-56.7195;790450;7.26497e+06;-56.7504;292;4
measurements.Trace;241;12;790450;7.26497e+06;-56.7504;790450;7.26497e+06;-56.786;311;4
measurements.Trace;241;13;790450;7.26497e+06;-56.786;790450;7.26497e+06;-56.8179;237;4
measurements.Trace;241;14;790450;7.26497e+06;-56.8179;790450;7.26497e+06;-56.8531;255;4
measurements.Trace;241;15;790450;7.26497e+06;-56.8531;790450;7.26497e+06;-56.8915;212;4
measurements.Trace;241;16;790450;7.26497e+06;-56.8915;790450;7.26497e+06;-56.9307;123;4
measurements.Trace;241;17;790450;7.26497e+06;-56.9307;790450;7.26497e+06;-56.9593;374;4
measurements.Trace;241;18;790450;7.26497e+06;-56.9593;790450;7.26497e+06;-56.994;414;4
measurements.Trace;241;19;790450;7.26497e+06;-56.994;790450;7.26497e+06;-57.033;436;4
measurements.Trace;241;20;790450;7.26497e+06;-57.033;790450;7.26497e+06;-57.0656;223;4
measurements.Trace;241;21;790450;7.26497e+06;-57.0656;790450;7.26497e+06;-57.0766;261;4
measurements.Trace;241;22;790450;7.26497e+06;-57.0766;790450;7.26497e+06;-57.1027;207;4
measurements.Trace;241;23;790450;7.26497e+06;-57.1027;790450;7.26497e+06;-57.1206;241;4
measurements.Trace;241;24;790450;7.26497e+06;-57.1206;790450;7.26497e+06;-57.1529;359;4
measurements.Trace;241;25;790450;7.26497e+06;-57.1529;790450;7.26497e+06;-57.1915;238;4
measurements.Trace;241;26;790450;7.26497e+06;-57.1915;790450;7.26497e+06;-57.2103;220;4
measurements.Trace;241;27;790450;7.26497e+06;-57.2103;790450;7.26497e+06;-57.2391;109;4
measurements.Trace;241;28;790450;7.26497e+06;-57.2391;790450;7.26497e+06;-57.2745;231;4
measurements.Trace;241;29;790450;7.26497e+06;-57.2745;790450;7.26497e+06;-57.3122;248;4
measurements.Trace;241;30;790450;7.26497e+06;-57.3122;790450;7.26497e+06;-57.3495;279;4
measurements.Trace;241;31;790450;7.26497e+06;-57.3495;790450;7.26497e+06;-57.3732;260;4
measurements.Trace;241;32;790450;7.26497e+06;-57.3732;790450;7.26497e+06;-57.4049;242;4
measurements.Trace;241;33;790450;7.26497e+06;-57.4049;790450;7.26497e+06;-57.4392;355;4
measurements.Trace;241;34;790450;7.26497e+06;-57.4392;790450;7.26497e+06;-57.4709;271;4
measurements.Trace;241;35;790450;7.26497e+06;-57.4709;790449;7.26497e+06;-57.5095;279;4
measurements.Trace;241;36;790449;7.26497e+06;-57.5095;790449;7.26497e+06;-57.5477;311;4
measurements.Trace;241;37;790449;7.26497e+06;-57.5477;790449;7.26497e+06;-57.5765;243;4
measurements.Trace;241;38;790449;7.26497e+06;-57.5765;790449;7.26497e+06;-57.6095;304;4
measurements.Trace;241;39;790449;7.26497e+06;-57.6095;790449;7.26497e+06;-57.6372;353;4
measurements.Trace;241;40;790449;7.26497e+06;-57.6372;790449;7.26497e+06;-57.6748;279;4
measurements.Trace;241;41;790449;7.26497e+06;-57.6748;790449;7.26497e+06;-57.7137;247;4
measurements.Trace;241;42;790449;7.26497e+06;-57.7137;790449;7.26497e+06;-57.7516;330;4
measurements.Trace;241;43;790449;7.26497e+06;-57.7516;790449;7.26497e+06;-57.7909;292;4
measurements.Trace;241;44;790449;7.26497e+06;-57.7909;790449;7.26497e+06;-57.8157;174;4
measurements.Trace;241;45;790449;7.26497e+06;-57.8157;790449;7.26497e+06;-57.8471;220;4
measurements.Trace;241;46;790449;7.26497e+06;-57.8471;790449;7.26497e+06;-57.8826;124;4
measurements.Trace;241;47;790449;7.26497e+06;-57.8826;790449;7.26497e+06;-57.9186;243;4
measurements.Trace;241;48;790449;7.26497e+06;-57.9186;790449;7.26497e+06;-57.9531;285;4
measurements.Trace;241;49;790449;7.26497e+06;-57.9531;790449;7.26497e+06;-57.9853;285;4
measurements.Trace;241;50;790449;7.26497e+06;-57.9853;790449;7.26497e+06;-58.018;79;4
measurements.Trace;241;51;790449;7.26497e+06;-58.018;790449;7.26497e+06;-58.0547;259;4
measurements.Trace;241;52;790449;7.26497e+06;-58.0547;790449;7.26497e+06;-58.0907;149;4
measurements.Trace;241;53;790449;7.26497e+06;-58.0907;790449;7.26497e+06;-58.1116;202;4
measurements.Trace;241;54;790449;7.26497e+06;-58.1116;790449;7.26497e+06;-58.1459;163;4
measurements.Trace;241;55;790449;7.26497e+06;-58.1459;790449;7.26497e+06;-58.1765;357;4
measurements.Trace;241;56;790449;7.26497e+06;-58.1765;790449;7.26497e+06;-58.2098;393;4
measurements.Trace;241;57;790449;7.26497e+06;-58.2098;790449;7.26497e+06;-58.2441;500;4
measurements.Trace;241;58;790449;7.26497e+06;-58.2441;790449;7.26497e+06;-58.2823;453;4
measurements.Trace;241;59;790449;7.26497e+06;-58.2823;790449;7.26497e+06;-58.3171;396;4
measurements.Trace;241;60;790449;7.26497e+06;-58.3171;790449;7.26497e+06;-58.3411;314;4
measurements.Trace;241;61;790449;7.26497e+06;-58.3411;790449;7.26497e+06;-58.3764;310;4
measurements.Trace;241;62;790449;7.26497e+06;-58.3764;790449;7.26497e+06;-58.4116;313;4
measurements.Trace;241;63;790449;7.26497e+06;-58.4116;790449;7.26497e+06;-58.4432;181;4
measurements.Trace;241;64;790449;7.26497e+06;-58.4432;790449;7.26497e+06;-58.4602;327;4
measurements.Trace;241;65;790449;7.26497e+06;-58.4602;790449;7.26497e+06;-58.4988;239;4
measurements.Trace;241;66;790449;7.26497e+06;-58.4988;790449;7.26497e+06;-58.5369;385;4
measurements.Trace;241;67;790449;7.26497e+06;-58.5369;790449;7.26497e+06;-58.5761;399;4
measurements.Trace;241;68;790449;7.26497e+06;-58.5761;790449;7.26497e+06;-58.6114;371;4
measurements.Trace;241;69;790449;7.26497e+06;-58.6114;790449;7.26497e+06;-58.6419;357;4
measurements.Trace;241;70;790449;7.26497e+06;-58.6419;790449;7.26497e+06;-58.6615;532;4
measurements.Trace;241;71;790449;7.26497e+06;-58.6615;790449;7.26497e+06;-58.6967;287;4
measurements.Trace;241;72;790449;7.26497e+06;-58.6967;790449;7.26497e+06;-58.7242;381;4
measurements.Trace;241;73;790449;7.26497e+06;-58.7242;790449;7.26497e+06;-58.7639;434;4
measurements.Trace;241;74;790449;7.26497e+06;-58.7639;790449;7.26497e+06;-58.7994;439;4
measurements.Trace;241;75;790449;7.26497e+06;-58.7994;790449;7.26497e+06;-58.8307;358;4
measurements.Trace;241;76;790449;7.26497e+06;-58.8307;790449;7.26497e+06;-58.8626;537;4
measurements.Trace;242;0;790449;7.26497e+06;-59.1409;790449;7.26497e+06;-59.1409;525;4
measurements.Trace;242;1;790449;7.26497e+06;-59.1409;790449;7.26497e+06;-59.1697;424;4
measurements.Trace;242;2;790449;7.26497e+06;-59.1697;790449;7.26497e+06;-59.2097;342;4
measurements.Trace;242;3;790449;7.26497e+06;-59.2097;790449;7.26497e+06;-59.2349;177;4
measurements.Trace;242;4;790449;7.26497e+06;-59.2349;790449;7.26497e+06;-59.2738;244;4
measurements.Trace;242;5;790449;7.26497e+06;-59.2738;790449;7.26497e+06;-59.3081;239;4
measurements.Trace;242;6;790449;7.26497e+06;-59.3081;790449;7.26497e+06;-59.3297;246;4
measurements.Trace;242;7;790449;7.26497e+06;-59.3297;790449;7.26497e+06;-59.3649;370;4
measurements.Trace;242;8;790449;7.26497e+06;-59.3649;790449;7.26497e+06;-59.3961;430;4
measurements.Trace;242;9;790449;7.26497e+06;-59.3961;790449;7.26497e+06;-59.4338;291;4
measurements.Trace;242;10;790449;7.26497e+06;-59.4338;790449;7.26497e+06;-59.4584;358;4
measurements.Trace;242;11;790449;7.26497e+06;-59.4584;790449;7.26497e+06;-59.494;340;4
measurements.Trace;242;12;790449;7.26497e+06;-59.494;790449;7.26497e+06;-59.5324;370;4
measurements.Trace;242;13;790449;7.26497e+06;-59.5324;790449;7.26497e+06;-59.5704;292;4
measurements.Trace;242;14;790449;7.26497e+06;-59.5704;790449;7.26497e+06;-59.5914;293;4
measurements.Trace;242;15;790449;7.26497e+06;-59.5914;790449;7.26497e+06;-59.629;366;4
measurements.Trace;242;16;790449;7.26497e+06;-59.629;790449;7.26497e+06;-59.6542;437;4
measurements.Trace;242;17;790449;7.26497e+06;-59.6542;790449;7.26497e+06;-59.6859;271;4
measurements.Trace;242;18;790449;7.26497e+06;-59.6859;790449;7.26497e+06;-59.7215;288;4
measurements.Trace;242;19;790449;7.26497e+06;-59.7215;790449;7.26497e+06;-59.7607;448;4
measurements.Trace;242;20;790449;7.26497e+06;-59.7607;790449;7.26497e+06;-59.7995;335;4
measurements.Trace;242;21;790449;7.26497e+06;-59.7995;790449;7.26497e+06;-59.8288;381;4
measurements.Trace;242;22;790449;7.26497e+06;-59.8288;790449;7.26497e+06;-59.8637;313;4
measurements.Trace;242;23;790449;7.26497e+06;-59.8637;790449;7.26497e+06;-59.9025;154;4
measurements.Trace;242;24;790449;7.26497e+06;-59.9025;790449;7.26497e+06;-59.9358;339;4
measurements.Trace;242;25;790449;7.26497e+06;-59.9358;790449;7.26497e+06;-59.9746;315;4
measurements.Trace;242;26;790449;7.26497e+06;-59.9746;790449;7.26497e+06;-60.0142;253;4
measurements.Trace;242;27;790449;7.26497e+06;-60.0142;790449;7.26497e+06;-60.0535;278;4
measurements.Trace;242;28;790449;7.26497e+06;-60.0535;790449;7.26497e+06;-60.0868;342;4
measurements.Trace;242;29;790449;7.26497e+06;-60.0868;790449;7.26497e+06;-60.1222;238;4
measurements.Trace;242;30;790449;7.26497e+06;-60.1222;790449;7.26497e+06;-60.1607;296;4
measurements.Trace;242;31;790449;7.26497e+06;-60.1607;790449;7.26497e+06;-60.2;291;4
measurements.Trace;242;32;790449;7.26497e+06;-60.2;790449;7.26497e+06;-60.2332;232;4
measurements.Trace;242;33;790449;7.26497e+06;-60.2332;790449;7.26497e+06;-60.2722;198;4
measurements.Trace;242;34;790449;7.26497e+06;-60.2722;790449;7.26497e+06;-60.3068;186;4
measurements.Trace;242;35;790449;7.26497e+06;-60.3068;790449;7.26497e+06;-60.3426;217;4
measurements.Trace;242;36;790449;7.26497e+06;-60.3426;790449;7.26497e+06;-60.3793;348;4
measurements.Trace;242;37;790449;7.26497e+06;-60.3793;790449;7.26497e+06;-60.4088;233;4
measurements.Trace;242;38;790449;7.26497e+06;-60.4088;790449;7.26497e+06;-60.4399;202;4
measurements.Trace;242;39;790449;7.26497e+06;-60.4399;790449;7.26497e+06;-60.4659;400;4
measurements.Trace;242;40;790449;7.26497e+06;-60.4659;790449;7.26497e+06;-60.506;317;4
measurements.Trace;242;41;790449;7.26497e+06;-60.506;790449;7.26497e+06;-60.5386;206;4
measurements.Trace;242;42;790449;7.26497e+06;-60.5386;790449;7.26497e+06;-60.5737;402;4
measurements.Trace;242;43;790449;7.26497e+06;-60.5737;790449;7.26497e+06;-60.6118;424;4
measurements.Trace;242;44;790449;7.26497e+06;-60.6118;790449;7.26497e+06;-60.6427;196;4
measurements.Trace;242;45;790449;7.26497e+06;-60.6427;790449;7.26497e+06;-60.677;306;4
measurements.Trace;242;46;790449;7.26497e+06;-60.677;790449;7.26497e+06;-60.703;369;4
measurements.Trace;242;47;790449;7.26497e+06;-60.703;790449;7.26497e+06;-60.7321;485;4
measurements.Trace;243;0;790449;7.26496e+06;-60.5135;790449;7.26496e+06;-60.5135;398;4
measurements.Trace;243;1;790449;7.26496e+06;-60.5135;790449;7.26496e+06;-60.5497;337;4
measurements.Trace;243;2;790449;7.26496e+06;-60.5497;790449;7.26496e+06;-60.5891;408;4
measurements.Trace;243;3;790449;7.26496e+06;-60.5891;790449;7.26496e+06;-60.6197;170;4
measurements.Trace;243;4;790449;7.26496e+06;-60.6197;790449;7.26496e+06;-60.6246;156;4
measurements.Trace;243;5;790449;7.26496e+06;-60.6246;790449;7.26496e+06;-60.6302;165;4
measurements.Trace;243;6;790449;7.26496e+06;-60.6302;790449;7.26496e+06;-60.6427;166;4
measurements.Trace;243;7;790449;7.26496e+06;-60.6427;790449;7.26496e+06;-60.6518;140;4
measurements.Trace;243;8;790449;7.26496e+06;-60.6518;790449;7.26496e+06;-60.638;80;4
measurements.Trace;243;9;790449;7.26496e+06;-60.638;790449;7.26496e+06;-60.654;52;4
measurements.Trace;243;10;790449;7.26496e+06;-60.654;790449;7.26496e+06;-60.6518;140;4
measurements.Trace;243;11;790449;7.26496e+06;-60.6518;790449;7.26496e+06;-60.6452;163;4
measurements.Trace;243;12;790449;7.26496e+06;-60.6452;790449;7.26496e+06;-60.6469;70;4
measurements.Trace;243;13;790449;7.26496e+06;-60.6469;790449;7.26496e+06;-60.6591;81;4
measurements.Trace;243;14;790449;7.26496e+06;-60.6591;790449;7.26496e+06;-60.6634;148;4
measurements.Trace;243;15;790449;7.26496e+06;-60.6634;790449;7.26496e+06;-60.6718;75;4
measurements.Trace;243;16;790449;7.26496e+06;-60.6718;790449;7.26496e+06;-60.6496;93;4
measurements.Trace;243;17;790449;7.26496e+06;-60.6496;790449;7.26496e+06;-60.646;76;4
measurements.Trace;243;18;790449;7.26496e+06;-60.646;790449;7.26496e+06;-60.6454;92;4
measurements.Trace;243;19;790449;7.26496e+06;-60.6454;790449;7.26496e+06;-60.6364;200;4
measurements.Trace;243;20;790449;7.26496e+06;-60.6364;790449;7.26496e+06;-60.6318;64;4
measurements.Trace;243;21;790449;7.26496e+06;-60.6318;790449;7.26496e+06;-60.6331;195;4
measurements.Trace;243;22;790449;7.26496e+06;-60.6331;790449;7.26496e+06;-60.6422;199;4
measurements.Trace;243;23;790449;7.26496e+06;-60.6422;790449;7.26496e+06;-60.6371;80;4
measurements.Trace;243;24;790449;7.26496e+06;-60.6371;790449;7.26496e+06;-60.6326;64;4
measurements.Trace;243;25;790449;7.26496e+06;-60.6326;790449;7.26496e+06;-60.646;189;4
measurements.Trace;243;26;790449;7.26496e+06;-60.646;790449;7.26496e+06;-60.6468;64;4
measurements.Trace;243;27;790449;7.26496e+06;-60.6468;790449;7.26496e+06;-60.6593;95;4
measurements.Trace;243;28;790449;7.26496e+06;-60.6593;790449;7.26496e+06;-60.6703;129;4
measurements.Trace;243;29;790449;7.26496e+06;-60.6703;790449;7.26496e+06;-60.6735;223;4
measurements.Trace;243;30;790449;7.26496e+06;-60.6735;790449;7.26496e+06;-60.6883;102;4
measurements.Trace;243;31;790449;7.26496e+06;-60.6883;790449;7.26496e+06;-60.6883;243;4
measurements.Trace;243;32;790449;7.26496e+06;-60.6883;790449;7.26496e+06;-60.6849;286;4
measurements.Trace;243;33;790449;7.26496e+06;-60.6849;790449;7.26496e+06;-60.699;374;4
measurements.Trace;243;34;790449;7.26496e+06;-60.699;790449;7.26496e+06;-60.7165;464;4
measurements.Trace;243;35;790449;7.26496e+06;-60.7165;790449;7.26496e+06;-60.7343;508;4
measurements.Trace;243;36;790449;7.26496e+06;-60.7343;790449;7.26496e+06;-60.7556;419;4
measurements.Trace;245;0;790449;7.26496e+06;-62.2046;790449;7.26496e+06;-62.2046;389;4
measurements.Trace;245;1;790449;7.26496e+06;-62.2046;790449;7.26496e+06;-62.1721;251;4
measurements.Trace;245;2;790449;7.26496e+06;-62.1721;790449;7.26496e+06;-62.1473;243;4
measurements.Trace;245;3;790449;7.26496e+06;-62.1473;790449;7.26496e+06;-62.1286;253;4
measurements.Trace;245;4;790449;7.26496e+06;-62.1286;790449;7.26496e+06;-62.0991;206;4
measurements.Trace;245;5;790449;7.26496e+06;-62.0991;790449;7.26496e+06;-62.1008;216;4
measurements.Trace;245;6;790449;7.26496e+06;-62.1008;790449;7.26496e+06;-62.1021;227;4
measurements.Trace;245;7;790449;7.26496e+06;-62.1021;790449;7.26496e+06;-62.1034;282;4
measurements.Trace;245;8;790449;7.26496e+06;-62.1034;790449;7.26496e+06;-62.1113;284;4
measurements.Trace;245;9;790449;7.26496e+06;-62.1113;790449;7.26496e+06;-62.1122;231;4
measurements.Trace;245;10;790449;7.26496e+06;-62.1122;790449;7.26496e+06;-62.12;49;4
measurements.Trace;245;11;790449;7.26496e+06;-62.12;790449;7.26496e+06;-62.1168;179;4
measurements.Trace;245;12;790449;7.26496e+06;-62.1168;790449;7.26496e+06;-62.1282;195;4
measurements.Trace;245;13;790449;7.26496e+06;-62.1282;790449;7.26496e+06;-62.1361;176;4
measurements.Trace;245;14;790449;7.26496e+06;-62.1361;790449;7.26496e+06;-62.123;123;4
measurements.Trace;245;15;790449;7.26496e+06;-62.123;790449;7.26496e+06;-62.1098;149;4
measurements.Trace;245;16;790449;7.26496e+06;-62.1098;790449;7.26496e+06;-62.0889;263;4
measurements.Trace;245;17;790449;7.26496e+06;-62.0889;790449;7.26496e+06;-62.0937;207;4
measurements.Trace;245;18;790449;7.26496e+06;-62.0937;790449;7.26496e+06;-62.1121;154;4
measurements.Trace;245;19;790449;7.26496e+06;-62.1121;790449;7.26496e+06;-62.0903;202;4
measurements.Trace;245;20;790449;7.26496e+06;-62.0903;790449;7.26496e+06;-62.0935;275;4
measurements.Trace;245;21;790449;7.26496e+06;-62.0935;790449;7.26496e+06;-62.0998;278;4
measurements.Trace;245;22;790449;7.26496e+06;-62.0998;790449;7.26496e+06;-62.1102;266;4
measurements.Trace;245;23;790449;7.26496e+06;-62.1102;790449;7.26496e+06;-62.1091;303;4
measurements.Trace;245;24;790449;7.26496e+06;-62.1091;790449;7.26496e+06;-62.097;134;4
measurements.Trace;245;25;790449;7.26496e+06;-62.097;790449;7.26496e+06;-62.1146;292;4
measurements.Trace;245;26;790449;7.26496e+06;-62.1146;790449;7.26496e+06;-62.1476;299;4
measurements.Trace;245;27;790449;7.26496e+06;-62.1476;790449;7.26496e+06;-62.1581;262;4
measurements.Trace;245;28;790449;7.26496e+06;-62.1581;790449;7.26496e+06;-62.1652;268;4
measurements.Trace;245;29;790449;7.26496e+06;-62.1652;790449;7.26496e+06;-62.1905;241;4
measurements.Trace;245;30;790449;7.26496e+06;-62.1905;790449;7.26496e+06;-62.1937;218;4
measurements.Trace;245;31;790449;7.26496e+06;-62.1937;790449;7.26496e+06;-62.2011;220;4
measurements.Trace;245;32;790449;7.26496e+06;-62.2011;790449;7.26496e+06;-62.2151;188;4
measurements.Trace;245;33;790449;7.26496e+06;-62.2151;790449;7.26496e+06;-62.2221;143;4
measurements.Trace;245;34;790449;7.26496e+06;-62.2221;790449;7.26496e+06;-62.2291;197;4
measurements.Trace;245;35;790449;7.26496e+06;-62.2291;790449;7.26496e+06;-62.2431;242;4
measurements.Trace;245;36;790449;7.26496e+06;-62.2431;790449;7.26496e+06;-62.2505;203;4
measurements.Trace;245;37;790449;7.26496e+06;-62.2505;790449;7.26496e+06;-62.2545;221;4
measurements.Trace;245;38;790449;7.26496e+06;-62.2545;790449;7.26496e+06;-62.2581;175;4
measurements.Trace;245;39;790449;7.26496e+06;-62.2581;790449;7.26496e+06;-62.2763;215;4
measurements.Trace;245;40;790449;7.26496e+06;-62.2763;790449;7.26496e+06;-62.2977;177;4
measurements.Trace;245;41;790449;7.26496e+06;-62.2977;790449;7.26496e+06;-62.3089;207;4
measurements.Trace;245;42;790449;7.26496e+06;-62.3089;790449;7.26496e+06;-62.3273;73;4
measurements.Trace;245;43;790449;7.26496e+06;-62.3273;790449;7.26496e+06;-62.331;207;4
measurements.Trace;245;44;790449;7.26496e+06;-62.331;790449;7.26496e+06;-62.3459;190;4
measurements.Trace;245;45;790449;7.26496e+06;-62.3459;790449;7.26496e+06;-62.3464;85;4
measurements.Trace;245;46;790449;7.26496e+06;-62.3464;790449;7.26496e+06;-62.3579;177;4
measurements.Trace;245;47;790449;7.26496e+06;-62.3579;790449;7.26496e+06;-62.3843;189;4
measurements.Trace;245;48;790449;7.26496e+06;-62.3843;790449;7.26496e+06;-62.386;113;4
measurements.Trace;245;49;790449;7.26496e+06;-62.386;790449;7.26496e+06;-62.3977;115;4
measurements.Trace;245;50;790449;7.26496e+06;-62.3977;790449;7.26496e+06;-62.4268;69;4
measurements.Trace;245;51;790449;7.26496e+06;-62.4268;790449;7.26496e+06;-62.4204;193;4
measurements.Trace;245;52;790449;7.26496e+06;-62.4204;790449;7.26496e+06;-62.4356;154;4
measurements.Trace;245;53;790449;7.26496e+06;-62.4356;790449;7.26496e+06;-62.4502;161;4
measurements.Trace;245;54;790449;7.26496e+06;-62.4502;790449;7.26496e+06;-62.4724;114;4
measurements.Trace;245;55;790449;7.26496e+06;-62.4724;790449;7.26496e+06;-62.4734;160;4
measurements.Trace;245;56;790449;7.26496e+06;-62.4734;790449;7.26496e+06;-62.4885;86;4
measurements.Trace;245;57;790449;7.26496e+06;-62.4885;790449;7.26496e+06;-62.5001;96;4
measurements.Trace;245;58;790449;7.26496e+06;-62.5001;790449;7.26496e+06;-62.5158;188;4
measurements.Trace;245;59;790449;7.26496e+06;-62.5158;790449;7.26496e+06;-62.5495;161;4
measurements.Trace;245;60;790449;7.26496e+06;-62.5495;790449;7.26496e+06;-62.569;101;4
measurements.Trace;245;61;790449;7.26496e+06;-62.569;790449;7.26496e+06;-62.5951;192;4
measurements.Trace;245;62;790449;7.26496e+06;-62.5951;790449;7.26496e+06;-62.6138;144;4
measurements.Trace;245;63;790449;7.26496e+06;-62.6138;790449;7.26496e+06;-62.6367;167;4
measurements.Trace;245;64;790449;7.26496e+06;-62.6367;790449;7.26496e+06;-62.6559;178;4
measurements.Trace;245;65;790449;7.26496e+06;-62.6559;790449;7.26496e+06;-62.6781;118;4
measurements.Trace;245;66;790449;7.26496e+06;-62.6781;790449;7.26496e+06;-62.6972;177;4
measurements.Trace;245;67;790449;7.26496e+06;-62.6972;790449;7.26496e+06;-62.7098;119;4
measurements.Trace;245;68;790449;7.26496e+06;-62.7098;790449;7.26496e+06;-62.6876;155;4
measurements.Trace;245;69;790449;7.26496e+06;-62.6876;790449;7.26496e+06;-62.6841;87;4
measurements.Trace;245;70;790449;7.26496e+06;-62.6841;790449;7.26496e+06;-62.6971;156;4
measurements.Trace;245;71;790449;7.26496e+06;-62.6971;790449;7.26496e+06;-62.6827;124;4
measurements.Trace;245;72;790449;7.26496e+06;-62.6827;790449;7.26496e+06;-62.6984;137;4
measurements.Trace;245;73;790449;7.26496e+06;-62.6984;790449;7.26496e+06;-62.6619;103;4
measurements.Trace;245;74;790449;7.26496e+06;-62.6619;790449;7.26496e+06;-62.6429;109;4
measurements.Trace;245;75;790449;7.26496e+06;-62.6429;790449;7.26496e+06;-62.6363;113;4
measurements.Trace;245;76;790449;7.26496e+06;-62.6363;790449;7.26496e+06;-62.6363;142;4
measurements.Trace;245;77;790449;7.26496e+06;-62.6363;790449;7.26496e+06;-62.6492;184;4
measurements.Trace;245;78;790449;7.26496e+06;-62.6492;790449;7.26496e+06;-62.6454;89;4
measurements.Trace;245;79;790449;7.26496e+06;-62.6454;790449;7.26496e+06;-62.6528;205;4
measurements.Trace;245;80;790449;7.26496e+06;-62.6528;790449;7.26496e+06;-62.6684;177;4
measurements.Trace;245;81;790449;7.26496e+06;-62.6684;790449;7.26496e+06;-62.6754;157;4
measurements.Trace;245;82;790449;7.26496e+06;-62.6754;790449;7.26496e+06;-62.6789;84;4
measurements.Trace;245;83;790449;7.26496e+06;-62.6789;790449;7.26496e+06;-62.6869;252;4
measurements.Trace;245;84;790449;7.26496e+06;-62.6869;790449;7.26496e+06;-62.6842;201;4
measurements.Trace;245;85;790449;7.26496e+06;-62.6842;790449;7.26496e+06;-62.7065;165;4
measurements.Trace;245;86;790449;7.26496e+06;-62.7065;790449;7.26496e+06;-62.6965;152;4
measurements.Trace;245;87;790449;7.26496e+06;-62.6965;790449;7.26496e+06;-62.7036;189;4
measurements.Trace;245;88;790449;7.26496e+06;-62.7036;790449;7.26496e+06;-62.7006;150;4
measurements.Trace;245;89;790449;7.26496e+06;-62.7006;790449;7.26496e+06;-62.6975;95;4
measurements.Trace;245;90;790449;7.26496e+06;-62.6975;790449;7.26496e+06;-62.7019;159;4
measurements.Trace;245;91;790449;7.26496e+06;-62.7019;790449;7.26496e+06;-62.6822;173;4
measurements.Trace;245;92;790449;7.26496e+06;-62.6822;790449;7.26496e+06;-62.6545;151;4
measurements.Trace;245;93;790449;7.26496e+06;-62.6545;790449;7.26496e+06;-62.6391;163;4
measurements.Trace;245;94;790449;7.26496e+06;-62.6391;790449;7.26496e+06;-62.6057;218;4
measurements.Trace;245;95;790449;7.26496e+06;-62.6057;790449;7.26496e+06;-62.5857;161;4
measurements.Trace;245;96;790449;7.26496e+06;-62.5857;790449;7.26496e+06;-62.5776;160;4
measurements.Trace;245;97;790449;7.26496e+06;-62.5776;790449;7.26496e+06;-62.5689;187;4
measurements.Trace;245;98;790449;7.26496e+06;-62.5689;790449;7.26496e+06;-62.545;423;4
